SNR;Hamming;BER
1.0;806008;0.1574234375
1.5;596837;0.1165697265625
2.0;376511;0.0735373046875
2.5;224369;0.0438220703125
3.0;96833;0.0189126953125
3.5;36459;0.0071208984375
4.0;11017;0.0021517578125
4.5;3007;0.0005873046875
5.0;760;0.0001484375
5.5;212;4.140625e-05
6.0;20;3.90625e-06
6.5;5;9.765625e-07
7.0;0;0.0
7.5;0;0.0
8.0;0;0.0
8.5;0;0.0
9.0;0;0.0
9.5;0;0.0
10.0;0;0.0
