SNR;Hamming;BER
0.01;1635;0.0003193359375
0.05;245098;0.047870703125
0.1;936176;0.182846875
0.15;1322746;0.258348828125
0.2;1584209;0.3094158203125
0.3;1939304;0.3787703125
