SNR;Hamming;BER
0.01;0;0.0
0.05;0;0.0
0.1;11;2.1484375e-06
0.2;60;1.171875e-05
0.3;1345;0.0002626953125
0.4;61117;0.0119369140625
0.5;997346;0.194794140625
0.6;1459718;0.285101171875
0.7;1772038;0.346101171875
0.8;2044926;0.399399609375
0.9;2305463;0.4502857421875
